Compound_code	Metabolite_name	Importance_score	p_value
C05528	3-Sulfopyruvate	-5.459	<0.05
C05527	3-Sulfinylpyruvate	0.0	n.s.
C00027	Hydrogen_peroxide	0.0	<0.05
C02876	Propanoyl_phosphate	2.0	<0.05
C16242	Cobalt-precorrin_5A	-1.0	n.s.
C16243	Cobalt-precorrin_5B	0.0	n.s.
C06723	6-Carboxyhex-2-enoyl-CoA	4.807	<0.05
C00944	3-Dehydroquinate	-1.585	<0.05
C16595	4-Hydroxy-5-phenyltetrahydro-1,3-oxazin-2-one	2.807	n.s.
C02430	L-Methionyl-tRNA	-2.585	<0.05
C04332	6,7-Dimethyl-8-(D-ribityl)lumazine	0.0	n.s.
C14819	Fe3+	-5.322	<0.05
C14818	Fe2+	5.322	<0.05
C00431	5-Aminopentanoate	-6.375	<0.05
C00437	N-Acetylornithine	0.0	n.s.
C01451	Salicin	2.322	n.s.
C00438	N-Carbamoyl-L-aspartate	-0.585	n.s.
C00826	L-Arogenate	1.585	<0.05
C00534	Pyridoxamine	0.0	n.s.
C00469	Ethanol	2.807	n.s.
C01181	4-Trimethylammoniobutanoate	-1.585	<0.05
C04877	UDP-N-acetylmuramoyl-L-alanyl-D-gamma-glutamyl-meso-2,6-diaminopimelate	-1.0	n.s.
C04874	2-Amino-4-hydroxy-6-(D-erythro-1,2,3-trihydroxypropyl)-7,8-dihydropteridine	3.459	<0.05
C01185	Nicotinate_D-ribonucleotide	3.644	<0.05
C15812	[Enzyme]-S-sulfanylcysteine	-3.322	<0.05
C15813	C15813	0.0	n.s.
C15810	C15810	0.0	n.s.
C15811	[Enzyme]-cysteine	4.17	<0.05
C15814	C15814	0.0	n.s.
C15815	C15815	0.0	n.s.
C16688	Sucrose_6-phosphate	0.0	n.s.
C05752	Octanoyl-[acp]	2.322	<0.05
C00794	D-Sorbitol	1.926	<0.05
C05840	Iminoaspartate	1.0	n.s.
C00886	L-Alanyl-tRNA	-3.907	<0.05
C00506	L-Cysteate	5.459	<0.05
C01233	sn-Glycero-3-phosphoethanolamine	0.0	<0.05
C00226	Primary_alcohol	2.807	n.s.
C00222	3-Oxopropanoate	0.0	n.s.
C00221	beta-D-Glucose	1.585	<0.05
C00385	Xanthine	-1.346	<0.05
C00387	Guanosine	3.17	n.s.
C02504	alpha-Isopropylmalate	0.0	n.s.
C00229	Acyl-carrier_protein	-3.322	<0.05
C00499	Allantoate	2.585	n.s.
C00380	Cytosine	0.0	n.s.
C16396	2,4-Diamino-6-nitrotoluene	5.605	<0.05
C14463	(R)-3-Hydroxy-3-methyl-2-oxopentanoate	0.0	n.s.
C00546	Methylglyoxal	-4.0	<0.05
C16399	2,4-Diamino-6-hydroxylaminotoluene	-5.605	<0.05
C16217	3-Hydroxyoctadecanoyl-CoA	-2.807	n.s.
C02291	L-Cystathionine	1.585	<0.05
C00364	dTMP	-2.322	<0.05
C00365	dUMP	0.874	n.s.
C00362	dGMP	0.0	n.s.
C16244	Cobalt-precorrin_7	0.0	n.s.
C00360	dAMP	0.0	n.s.
C00008	ADP	-2.807	<0.05
C00007	Oxygen	0.0	<0.05
C00006	NADP+	-2.322	n.s.
C00003	NAD+	-3.773	<0.05
C00002	ATP	3.132	<0.05
C00369	Starch	3.087	<0.05
C05703	Methaneselenol	-3.807	<0.05
C04088	Octadecanoyl-[acyl-carrier_protein]	-3.0	n.s.
C06507	Adenosyl_cobyrinate_hexaamide	0.848	n.s.
C16619	6-Thioguanosine_monophosphate	-4.129	<0.05
C11062	4-Hydroxybutyryl-CoA	3.17	<0.05
C02612	(R)-2-Methylmalate	0.0	<0.05
C16615	6-Methylthiopurine_5'-monophosphate_ribonucleotide	-2.807	n.s.
C16614	6-Methylmercaptopurine	2.807	n.s.
C00645	N-Acetyl-D-mannosamine	-0.322	<0.05
C00099	beta-Alanine	-2.663	<0.05
C00311	Isocitrate	0.852	n.s.
C00310	D-Xylulose	0.0	n.s.
C00641	1,2-Diacyl-sn-glycerol	-1.766	<0.05
C01931	L-Lysyl-tRNA	-4.459	<0.05
C00315	Spermidine	0.0	n.s.
C00314	Pyridoxine	3.17	<0.05
C00091	Succinyl-CoA	4.43	<0.05
C00760	Cellulose	-1.222	n.s.
C00093	sn-Glycerol_3-phosphate	2.273	n.s.
C00094	Sulfite	-0.987	<0.05
C00095	D-Fructose	5.539	<0.05
C00096	GDP-mannose	0.0	n.s.
C00097	L-Cysteine	2.894	<0.05
C14099	2-Naphthaldehyde	-2.807	n.s.
C06311	Galactitol_1-phosphate	-3.907	<0.05
C00433	2,5-Dioxopentanoate	1.585	<0.05
C14090	1-Naphthaldehyde	-2.807	n.s.
C14095	2-Hydroxy-3-carboxybenzalpyruvate	4.807	<0.05
C15667	5-Carboxyamino-1-(5-phospho-D-ribosyl)imidazole	3.459	<0.05
C14096	3-Formylsalicylic_acid	-4.807	<0.05
C02702	L-Prolyl-tRNA(Pro)	-4.585	<0.05
C04732	5-Amino-6-(1-D-ribitylamino)uracil	0.0	n.s.
C04734	1-(5'-Phosphoribosyl)-5-formamido-4-imidazolecarboxamide	0.0	n.s.
C05172	Selenophosphoric_acid	0.0	<0.05
C11948	2,6-Dimethyl-5-methylene-3-oxo-heptanoyl-CoA	1.0	<0.05
C11949	3-Isopropylbut-3-enoyl-CoA	-1.0	<0.05
C05775	alpha-Ribazole	-2.115	<0.05
C07118	Benzoyl_acetyl-CoA	1.0	<0.05
C05773	Cobyrinate	-2.0	n.s.
C05778	Sirohydrochlorin	1.585	<0.05
C05670	3-Aminopropiononitrile	3.322	<0.05
C00164	Acetoacetate	0.0	n.s.
C00166	Phenylpyruvate	2.839	<0.05
C00167	UDP-glucuronate	-2.585	n.s.
C00160	Glycolate	-2.0	<0.05
C03794	N6-(1,2-Dicarboxyethyl)-AMP	2.115	<0.05
C00162	Fatty_acid	1.585	<0.05
C00163	Propanoate	4.392	<0.05
C02984	L-Aspartyl-tRNA(Asp)	-3.807	<0.05
C02987	L-Glutamyl-tRNA(Glu)	-3.322	<0.05
C00169	Carbamoyl_phosphate	-2.147	<0.05
C02047	L-Leucyl-tRNA	-2.585	n.s.
C03082	4-Phospho-L-aspartate	-1.766	<0.05
C04377	5,10-Methylenetetrahydromethanopterin	-3.459	<0.05
C04376	5'-Phosphoribosyl-N-formylglycinamide	2.807	<0.05
C20396	Methylphosphonate	0.0	<0.05
C20258	(2S,4S)-4-Hydroxy-2,3,4,5-tetrahydrodipicolinate	1.28	n.s.
C03089	5-Methylthio-D-ribose	0.0	n.s.
C00860	L-Histidinol	-1.585	n.s.
C00862	Methanofuran	0.0	n.s.
C02962	D-Allose_6-phosphate	3.17	<0.05
C00864	Pantothenate	3.907	<0.05
C04272	(R)-2,3-Dihydroxy-3-methylbutanoate	1.17	<0.05
C04501	N-Acetyl-alpha-D-glucosamine_1-phosphate	0.0	n.s.
C00906	5,6-Dihydrothymine	0.0	<0.05
C01419	Cys-Gly	3.755	<0.05
C16186	L-Ascorbate_6-phosphate	0.0	<0.05
C01149	4-Trimethylammoniobutanal	1.585	<0.05
C01144	(S)-3-Hydroxybutanoyl-CoA	0.5	<0.05
C01146	2-Hydroxy-3-oxopropanoate	0.0	<0.05
C04421	N-Succinyl-LL-2,6-diaminoheptanedioate	0.0	n.s.
C01142	(3S)-3,6-Diaminohexanoate	-4.087	<0.05
C06510	Adenosine-GDP-cobinamide	-3.322	<0.05
C03561	(R)-3-Hydroxybutanoyl-CoA	3.17	<0.05
C03402	L-Asparaginyl-tRNA(Asn)	-3.807	<0.05
C03406	N-(L-Arginino)succinate	-1.585	<0.05
C05512	Deoxyinosine	2.115	<0.05
C04181	3-Hydroxy-3-methyl-2-oxobutanoic_acid	0.0	n.s.
C07645	Aldophosphamide	2.807	n.s.
C07648	Thioguanine	2.807	n.s.
C05519	L-Allothreonine	0.0	n.s.
C00327	L-Citrulline	1.585	n.s.
C00692	UDP-N-acetylmuramoyl-L-alanyl-D-glutamate	-1.585	n.s.
C02320	R-S-Glutathione	3.322	<0.05
C02352	1,4-beta-D-Xylan	0.0	<0.05
C02463	Precorrin_2	0.0	<0.05
C05269	3-Oxohexanoyl-CoA	-3.322	<0.05
C03232	3-Phosphonooxypyruvate	-3.0	n.s.
C18096	D-Allulose_6-phosphate	-3.17	<0.05
C00269	CDP-diacylglycerol	1.0	n.s.
C09814	Benzonitrile	5.209	<0.05
C11539	Cobalt-precorrin_3	2.0	n.s.
C11538	Cobalt-sirohydrochlorin	-2.322	n.s.
C00263	L-Homoserine	-0.322	<0.05
C00262	Hypoxanthine	-0.222	n.s.
C13629	1,2-Bis(4-hydroxyphenyl)-2-propanol	0.0	n.s.
C16216	3-Oxostearoyl-CoA	2.807	n.s.
C00267	alpha-D-Glucose	0.951	n.s.
C00266	Glycolaldehyde	-3.459	<0.05
C04494	Guanosine_3'-diphosphate_5'-triphosphate	-3.0	<0.05
C00402	D-Aspartate	-2.807	n.s.
C00460	dUTP	2.585	n.s.
C00286	dGTP	-2.55	<0.05
C00283	Hydrogen_sulfide	1.652	<0.05
C00282	Hydrogen	-4.0	<0.05
C00320	Thiosulfate	0.0	n.s.
C01962	Thiocysteine	-1.585	<0.05
C00088	Nitrite	0.0	n.s.
C04691	2-Dehydro-3-deoxy-D-arabino-heptonate_7-phosphate	-1.585	n.s.
C02218	Dehydroalanine	-3.459	<0.05
C05947	L-erythro-4-Hydroxyglutamate	0.0	n.s.
C05946	D-4-Hydroxy-2-oxoglutarate	0.0	n.s.
C01209	Malonyl-[acyl-carrier_protein]	2.524	<0.05
C00217	D-Glutamate	2.059	<0.05
C00214	Thymidine	0.0	n.s.
C00212	Adenosine	2.874	n.s.
C00606	3-Sulfino-L-alanine	-3.939	<0.05
C06399	Hydrogenobyrinate	-2.0	n.s.
C05841	Nicotinate_D-ribonucleoside	3.0	n.s.
C00035	GDP	-3.079	<0.05
C05844	5-L-Glutamyl-taurine	-3.322	<0.05
C00033	Acetate	3.889	<0.05
C00031	D-Glucose	0.848	n.s.
C00136	Butanoyl-CoA	-3.143	<0.05
C00135	L-Histidine	3.17	<0.05
C00134	Putrescine	0.415	n.s.
C00133	D-Alanine	-5.121	<0.05
C00131	dATP	-0.918	n.s.
C00130	IMP	0.322	n.s.
C05635	5-Hydroxyindoleacetate	-1.585	<0.05
C05634	5-Hydroxyindoleacetaldehyde	1.585	<0.05
C06112	L-Glutamyl-tRNA(Gln)	0.0	n.s.
C00043	UDP-N-acetyl-alpha-D-glucosamine	-2.781	<0.05
C00041	L-Alanine	4.492	<0.05
C00040	Acyl-CoA	2.441	<0.05
C00047	L-Lysine	3.503	<0.05
C00046	RNA	1.755	<0.05
C00044	GTP	-2.684	<0.05
C00049	L-Aspartate	-1.652	<0.05
C00048	Glyoxylate	0.0	n.s.
C02642	3-Ureidopropionate	0.0	<0.05
C00149	(S)-Malate	-0.415	n.s.
C06481	L-Seryl-tRNA(Sec)	-3.7	<0.05
C20440	alpha-D-Ribose_1,2-cyclic_phosphate_5-phosphate	3.459	<0.05
C06482	L-Selenocysteinyl-tRNA(Sec)	0.0	<0.05
C04236	(2S)-2-Isopropyl-3-oxosuccinate	0.0	<0.05
C01101	L-Ribulose_5-phosphate	0.0	<0.05
C01100	L-Histidinol_phosphate	1.585	<0.05
C01103	Orotidine_5'-phosphate	-1.585	n.s.
C01102	O-Phospho-L-homoserine	0.0	n.s.
C05125	2-(alpha-Hydroxyethyl)thiamine_diphosphate	0.0	n.s.
C03688	Apo-[acyl-carrier-protein]	3.7	<0.05
C06002	(S)-Methylmalonate_semialdehyde	1.585	<0.05
C06007	(R)-2,3-Dihydroxy-3-methylpentanoate	1.17	<0.05
C06006	(S)-2-Aceto-2-hydroxybutanoate	0.0	n.s.
C00227	Acetyl_phosphate	-0.3	<0.05
C16565	Aminopropylcadaverine	-1.0	<0.05
C04633	(3R)-3-Hydroxypalmitoyl-[acyl-carrier_protein]	2.0	<0.05
C16255	[Dihydrolipoyllysine-residue_acetyltransferase]_S-acetyldihydrolipoyllysine	0.0	<0.05
C00954	Indole-3-acetate	-3.841	<0.05
C00957	Mercaptopyruvate	-3.03	<0.05
C05345	beta-D-Fructose_6-phosphate	3.713	<0.05
C00818	D-Glucarate	-1.585	<0.05
C00819	D-Glutamine	0.0	n.s.
C00424	(S)-Lactaldehyde	-1.0	<0.05
C00429	5,6-Dihydrouracil	0.0	<0.05
C00817	D-Altronate	0.0	n.s.
C03451	(R)-S-Lactoylglutathione	4.0	<0.05
C01672	Cadaverine	1.0	<0.05
C00036	Oxaloacetate	-1.549	<0.05
C05223	Dodecanoyl-[acyl-carrier_protein]	2.322	<0.05
C00037	Glycine	2.299	<0.05
C15809	Iminoglycine	0.0	<0.05
C16698	N-Acetylmuramic_acid_6-phosphate	-1.585	<0.05
C03912	(S)-1-Pyrroline-5-carboxylate	0.0	n.s.
C02512	3-Cyano-L-alanine	3.322	<0.05
C00253	Nicotinate	-3.737	<0.05
C00250	Pyridoxal	3.17	<0.05
C00251	Chorismate	0.939	n.s.
C00256	(R)-Lactate	6.109	<0.05
C05338	4-Hydroxyphenylacetyl-CoA	1.0	<0.05
C00255	Riboflavin	3.7	<0.05
C05336	Selenomethionyl-tRNA(Met)	-3.459	<0.05
C00392	Mannitol	0.737	<0.05
C00258	D-Glycerate	-1.0	n.s.
C05335	L-Selenomethionine	1.0	n.s.
C16596	5-Phenyl-1,3-oxazinane-2,4-dione	-2.807	n.s.
C04390	N6-Acetyl-LL-2,6-diaminoheptanedioate	3.0	n.s.
C01081	Thiamin_monophosphate	0.0	<0.05
C01083	alpha,alpha-Trehalose	2.322	n.s.
C00559	Deoxyadenosine	-2.115	<0.05
C00491	L-Cystine	1.585	<0.05
C00492	Raffinose	0.0	<0.05
C00493	Shikimate	0.341	<0.05
C00555	4-Aminobutyraldehyde	1.585	<0.05
C01089	(R)-3-Hydroxybutanoate	0.0	<0.05
C00498	ADP-glucose	-2.585	<0.05
C00882	Dephospho-CoA	1.0	n.s.
C00881	Deoxycytidine	3.322	<0.05
C00078	L-Tryptophan	2.322	n.s.
C00079	L-Phenylalanine	0.117	<0.05
C00072	Ascorbate	0.0	<0.05
C00073	L-Methionine	3.036	<0.05
C00071	Aldehyde	-2.322	<0.05
C00077	L-Ornithine	2.402	<0.05
C00074	Phosphoenolpyruvate	-5.384	<0.05
C00075	UTP	4.267	<0.05
C04454	5-Amino-6-(5'-phospho-D-ribitylamino)uracil	-1.585	<0.05
C00039	DNA	0.0	n.s.
C03127	L-Isoleucyl-tRNA(Ile)	-3.807	<0.05
C00085	D-Fructose_6-phosphate	4.485	<0.05
C00084	Acetaldehyde	-0.241	n.s.
C00083	Malonyl-CoA	-1.676	n.s.
C00082	L-Tyrosine	-1.692	<0.05
C00080	H+	4.0	<0.05
C16630	5,6-Dihydro-5-fluorouracil	0.0	<0.05
C04640	2-(Formamido)-N1-(5'-phosphoribosyl)acetamidine	-2.322	<0.05
C03175	Shikimate_3-phosphate	0.0	n.s.
C00089	Sucrose	0.0	<0.05
C04646	6-Thioinosine-5'-monophosphate	4.0	<0.05
C00670	sn-Glycero-3-phosphocholine	0.0	<0.05
C00671	(S)-3-Methyl-2-oxopentanoic_acid	-1.585	<0.05
C00672	2-Deoxy-D-ribose_1-phosphate	2.322	<0.05
C00673	2-Deoxy-D-ribose_5-phosphate	1.807	<0.05
C01251	(R)-2-Hydroxybutane-1,2,4-tricarboxylate	-2.585	n.s.
C01250	N-Acetyl-L-glutamate_5-semialdehyde	0.0	n.s.
C01929	L-Histidinal	0.0	n.s.
C05936	N4-Acetylaminobutanal	1.585	<0.05
C00106	Uracil	1.807	<0.05
C00105	UMP	-0.643	n.s.
C00103	D-Glucose_1-phosphate	2.207	<0.05
C00100	Propanoyl-CoA	0.0	n.s.
C00101	Tetrahydrofolate	2.894	<0.05
C15556	L-3,4-Dihydroxybutan-2-one_4-phosphate	0.0	n.s.
C00109	2-Oxobutanoate	-2.375	<0.05
C04702	UDPMurAc(oyl-L-Ala-D-gamma-Glu-L-Lys-D-Ala-D-Ala)	2.0	<0.05
C00363	dTDP	-1.585	<0.05
C15980	(S)-2-Methylbutanoyl-CoA	0.0	n.s.
C05764	Hexadecanoyl-[acp]	2.322	<0.05
C06899	Chloral_hydrate	2.807	n.s.
C05761	Tetradecanoyl-[acp]	2.322	<0.05
C05760	trans-Tetradec-2-enoyl-[acp]	-2.0	<0.05
C05763	trans-Hexadec-2-enoyl-[acp]	-2.0	<0.05
C05762	3-Oxohexadecanoyl-[acp]	-2.248	<0.05
C00361	dGDP	2.07	<0.05
C00170	5'-Methylthioadenosine	0.415	n.s.
C02670	D-Glucuronolactone	1.585	<0.05
C02992	L-Threonyl-tRNA(Thr)	-4.392	<0.05
C00179	Agmatine	1.585	n.s.
C00178	Thymine	0.0	n.s.
C02995	Maltose_6'-phosphate	-1.0	n.s.
C00447	Sedoheptulose_1,7-bisphosphate	0.0	n.s.
C03090	5-Phosphoribosylamine	-0.678	n.s.
C04260	O-D-Alanyl-poly(ribitol_phosphate)	-2.7	n.s.
C07086	Phenylacetic_acid	-5.209	<0.05
C01077	O-Acetyl-L-homoserine	2.585	n.s.
C02972	Dihydrolipoylprotein	4.17	<0.05
C11434	2-C-Methyl-D-erythritol_4-phosphate	0.0	n.s.
C11435	4-(Cytidine_5'-diphospho)-2-C-methyl-D-erythritol	2.503	<0.05
C11436	2-Phospho-4-(cytidine_5'-diphospho)-2-C-methyl-D-erythritol	-2.322	<0.05
C00857	Deamino-NAD+	-1.585	n.s.
C02412	Glycyl-tRNA(Gly)	-4.285	<0.05
C00853	Cob(I)alamin	0.0	<0.05
C01179	3-(4-Hydroxyphenyl)pyruvate	0.56	<0.05
C04823	1-(5'-Phosphoribosyl)-5-amino-4-(N-succinocarboxamide)-imidazole	2.807	<0.05
C01170	UDP-N-acetyl-D-mannosamine	0.0	n.s.
C04411	(2R,3S)-3-Isopropylmalate	0.0	n.s.
C01172	beta-D-Glucose_6-phosphate	2.03	<0.05
C00473	Retinol	2.807	n.s.
C03892	Phosphatidylglycerophosphate	-2.322	n.s.
C00681	1-Acyl-sn-glycerol_3-phosphate	-1.193	n.s.
C00680	meso-2,6-Diaminoheptanedioate	0.222	n.s.
C04556	4-Amino-2-methyl-5-phosphomethylpyrimidine	0.0	n.s.
C02411	Glutaconyl-1-CoA	-4.807	<0.05
C02839	L-Tyrosyl-tRNA(Tyr)	-2.807	n.s.
C04257	N-Acetyl-D-mannosamine_6-phosphate	1.585	<0.05
C00689	alpha,alpha'-Trehalose_6-phosphate	0.585	n.s.
C05378	beta-D-Fructose_1,6-bisphosphate	4.79	<0.05
C05270	Hexanoyl-CoA	0.0	n.s.
C02554	L-Valyl-tRNA(Val)	-3.585	<0.05
C00512	S-Benzoate_coenzyme_A	-1.0	<0.05
C16220	3-Hydroxyoctadecanoyl-[acp]	2.322	<0.05
C00921	Dihydropteroate	-4.087	<0.05
C04294	5-(2-Hydroxyethyl)-4-methylthiazole	0.0	<0.05
C00458	dCTP	-2.974	<0.05
C04895	7,8-Dihydroneopterin_3'-triphosphate	-4.322	<0.05
C04896	5-(5-Phospho-D-ribosylaminoformimino)-1-(5-phosphoribosyl)-imidazole-4-carboxamide	-1.0	n.s.
C00376	Retinal	-2.807	n.s.
C04488	5-Methyl-5,6,7,8-tetrahydromethanopterin	-5.066	<0.05
C00455	Nicotinamide_D-ribonucleotide	4.248	<0.05
C01697	Galactitol	3.907	<0.05
C15972	Enzyme_N6-(lipoyl)lysine	-4.17	<0.05
C16618	6-Thioxanthine_5'-monophosphate	2.807	<0.05
C00330	Deoxyguanosine	3.0	n.s.
C00332	Acetoacetyl-CoA	-1.371	<0.05
C00334	4-Aminobutanoate	4.459	<0.05
C00337	(S)-Dihydroorotate	2.322	<0.05
C05699	L-Selenocystathionine	1.585	<0.05
C04688	(3R)-3-Hydroxytetradecanoyl-[acyl-carrier_protein]	2.322	<0.05
C04122	D-1-Aminopropan-2-ol_O-phosphate	1.0	n.s.
C00299	Uridine	-1.184	<0.05
C00636	D-Mannose_1-phosphate	0.0	n.s.
C00637	Indole-3-acetaldehyde	1.585	<0.05
C00630	2-Methylpropanoyl-CoA	6.781	<0.05
C00631	2-Phospho-D-glycerate	-0.835	<0.05
C02527	Butanoylphosphate	0.0	n.s.
C16221	(2E)-Octadecenoyl-[acp]	-2.0	<0.05
C00208	Maltose	2.07	<0.05
C01001	Formylmethanofuran	0.0	n.s.
C05985	2-Propynal	1.585	<0.05
C00204	2-Dehydro-3-deoxy-D-gluconate	0.0	n.s.
C01212	UDP-N-acetylmuramoyl-L-alanine	-2.459	<0.05
C07490	Trichloroethanol	-2.807	n.s.
C01217	5,6,7,8-Tetrahydromethanopterin	5.066	<0.05
C00025	L-Glutamate	-0.02	n.s.
C00024	Acetyl-CoA	-2.468	<0.05
C00148	L-Proline	4.707	<0.05
C00026	2-Oxoglutarate	-4.19	<0.05
C00021	S-Adenosyl-L-homocysteine	-0.807	n.s.
C00020	AMP	0.138	<0.05
C00022	Pyruvate	2.687	<0.05
C00143	5,10-Methylenetetrahydrofolate	-3.982	<0.05
C00140	N-Acetyl-D-glucosamine	3.459	<0.05
C00141	3-Methyl-2-oxobutanoic_acid	-0.585	n.s.
C00029	UDP-glucose	-2.835	<0.05
C00147	Adenine	0.562	n.s.
C00144	GMP	-3.459	<0.05
C03740	(5-L-Glutamyl)-L-amino_acid	-3.322	<0.05
C01079	Protoporphyrinogen_IX	-2.807	n.s.
C05748	trans-Hex-2-enoyl-[acp]	-2.0	<0.05
C05807	2-Polyprenylphenol	1.585	<0.05
C05729	R-S-Cysteinylglycine	3.755	<0.05
C04631	UDP-N-acetyl-3-(1-carboxyvinyl)-D-glucosamine	-2.619	<0.05
C11437	1-Deoxy-D-xylulose_5-phosphate	0.263	<0.05
C00644	D-Mannitol_1-phosphate	-0.737	n.s.
C06319	Precorrin_6Y	0.0	n.s.
C02739	1-(5-Phospho-D-ribosyl)-ATP	1.0	<0.05
C00647	Pyridoxamine_phosphate	0.0	n.s.
C05726	S-Substituted_L-cysteine	-4.492	<0.05
C00705	dCDP	-0.848	n.s.
C06250	Holo-[carboxylase]	0.874	<0.05
C01242	S-Aminomethyldihydrolipoylprotein	0.0	n.s.
C02631	2-Isopropylmaleate	0.0	n.s.
C02637	3-Dehydroshikimate	0.0	n.s.
C03194	(R)-1-Aminopropan-2-ol	2.0	n.s.
C04419	Carboxybiotin-carboxyl-carrier_protein	1.17	n.s.
C01528	Hydrogen_selenide	-4.755	<0.05
C02938	3-Indoleacetonitrile	5.209	<0.05
C00750	Spermine	0.0	n.s.
C04752	2-Methyl-4-amino-5-hydroxymethylpyrimidine_diphosphate	0.0	n.s.
C04751	1-(5-Phospho-D-ribosyl)-5-amino-4-imidazolecarboxylate	2.0	<0.05
C00763	D-Proline	-3.0	<0.05
C01134	Pantetheine_4'-phosphate	-3.503	<0.05
C01137	S-Adenosylmethioninamine	0.0	n.s.
C00092	D-Glucose_6-phosphate	-2.655	<0.05
C06035	4-Methylene-2-oxoglutarate	0.0	n.s.
C02226	2-Methylmaleate	0.0	n.s.
C03511	L-Phenylalanyl-tRNA(Phe)	-3.322	<0.05
C03512	L-Tryptophanyl-tRNA(Trp)	-2.322	n.s.
C06033	Parapyruvate	0.0	n.s.
C12147	L-Threonine_O-3-phosphate	1.0	n.s.
C00329	D-Glucosamine	3.663	<0.05
C04462	N-Succinyl-2-L-amino-6-oxoheptanedioate	-2.322	<0.05
C06408	Precorrin_8X	2.0	n.s.
C02741	Phosphoribosyl-AMP	0.0	n.s.
C06407	Precorrin_4	1.585	n.s.
C06406	Precorrin_3B	2.0	n.s.
C20373	3-Hydroxyglutaryl-[acp]_methyl_ester	2.322	<0.05
C20372	3-Ketoglutaryl-[acp]_methyl_ester	-2.585	<0.05
C20377	3-Hydroxypimeloyl-[acp]_methyl_ester	2.322	<0.05
C20376	3-Ketopimeloyl-[acp]_methyl_ester	-2.585	<0.05
C20375	Glutaryl-[acp]_methyl_ester	3.585	<0.05
C20374	Enoylglutaryl-[acp]_methyl_ester	-3.459	<0.05
C05897	Undecaprenyl-diphospho-N-acetylmuramoyl-L-alanyl-D-glutamyl-meso-2,6-diaminopimeloyl-D-alanyl-D-alanine	1.0	n.s.
C20378	Enoylpimeloyl-[acp]_methyl_ester	-3.459	<0.05
C00804	Propynoate	-1.585	<0.05
C00969	3-Hydroxypropanal	3.0	n.s.
C11545	Cobalt-precorrin_8	0.0	n.s.
C00966	2-Dehydropantoate	0.678	n.s.
C11540	Cobalt-precorrin_4	1.585	n.s.
C11542	Cobalt-precorrin_6	-1.0	n.s.
C11543	Cobalt-dihydro-precorrin_6	0.0	n.s.
C02282	Glutaminyl-tRNA	0.0	n.s.
C04916	N-(5'-Phospho-D-1'-ribulosylformimino)-5-amino-1-(5''-phospho-D-ribosyl)-4-imidazolecarboxamide	0.0	n.s.
C00415	Dihydrofolate	-2.585	n.s.
C00416	Phosphatidate	1.17	<0.05
C00417	cis-Aconitate	0.0	n.s.
C03460	2-Methylprop-2-enoyl-CoA	-6.781	<0.05
C04851	MurAc(oyl-L-Ala-D-gamma-Glu-L-Lys-D-Ala-D-Ala)-diphospho-undecaprenol	1.0	n.s.
C03345	2-Methylbut-2-enoyl-CoA	0.0	n.s.
C00993	D-Alanyl-D-alanine	2.0	n.s.
C00620	alpha-D-Ribose_1-phosphate	3.392	<0.05
C11355	4-Amino-4-deoxychorismate	-2.7	<0.05
C05951	Leukotriene_D4	-3.322	<0.05
C05576	3,4-Dihydroxyphenylethyleneglycol	0.0	n.s.
C05577	3,4-Dihydroxymandelaldehyde	0.0	n.s.
C03263	Coproporphyrinogen_III	2.807	n.s.
C00378	Thiamine	0.0	n.s.
C00242	Guanine	1.051	n.s.
C00245	Taurine	3.322	<0.05
C00246	Butanoic_acid	0.0	n.s.
C00624	N-Acetyl-L-glutamate	0.0	n.s.
C16587	3-Carbamoyl-2-phenylpropionaldehyde	-2.807	n.s.
C02170	Methylmalonate	-1.585	<0.05
C00568	4-Aminobenzoate	4.392	<0.05
C01099	L-Fuculose_1-phosphate	1.0	<0.05
C01097	D-Tagatose_6-phosphate	2.07	<0.05
C01096	Sorbitol_6-phosphate	-2.0	n.s.
C01094	D-Fructose_1-phosphate	-5.143	<0.05
C05682	Phosphonoacetate	3.459	<0.05
C00341	Geranyl_diphosphate	0.0	n.s.
C00342	Thioredoxin	-4.431	<0.05
C00343	Thioredoxin_disulfide	4.481	<0.05
C00344	Phosphatidylglycerol	2.322	n.s.
C05684	Selenite	4.755	<0.05
C00061	FMN	0.0	n.s.
C00060	Carboxylate	-5.209	<0.05
C00063	CTP	4.138	<0.05
C00062	L-Arginine	2.322	n.s.
C00065	L-Serine	1.11	n.s.
C00064	L-Glutamine	2.306	n.s.
C11811	1-Hydroxy-2-methyl-2-butenyl_4-diphosphate	1.585	n.s.
C16633	5-Fluorouridine	1.0	<0.05
C04675	3-Hydroxy-3-(4-methylpent-3-en-1-yl)glutaryl-CoA	0.0	<0.05
C16631	alpha-Fluoro-beta-ureidopropionic_acid	0.0	<0.05
C04677	1-(5'-Phosphoribosyl)-5-amino-4-imidazolecarboxamide	3.35	<0.05
C16635	5'-Deoxy-5-fluorocytidine	3.322	<0.05
C16634	5-Fluorouridine_monophosphate	-1.0	<0.05
C19673	Malonyl-[acp]_methyl_ester	3.585	<0.05
C03752	2-Amino-2-deoxy-D-gluconate	2.322	<0.05
C05923	2,5-Diaminopyrimidine_nucleoside_triphosphate	0.0	n.s.
C05922	Formamidopyrimidine_nucleoside_triphosphate	0.0	n.s.
C05921	Biotinyl-5'-AMP	0.0	n.s.
C00748	Siroheme	0.0	n.s.
C04079	N-((R)-Pantothenoyl)-L-cysteine	4.0	<0.05
C00668	alpha-D-Glucose_6-phosphate	1.928	<0.05
C01268	5-Amino-6-(5'-phosphoribosylamino)uracil	0.0	n.s.
C00666	LL-2,6-Diaminoheptanedioate	-2.07	<0.05
C00663	beta-D-Glucose_1-phosphate	0.0	n.s.
C02163	L-Arginyl-tRNA(Arg)	-3.7	<0.05
C00988	2-Phosphoglycolate	2.322	n.s.
C00989	4-Hydroxybutanoic_acid	2.807	n.s.
C00114	Choline	0.0	<0.05
C00117	D-Ribose_5-phosphate	-3.708	<0.05
C00116	Glycerol	0.0	n.s.
C00111	Glycerone_phosphate	-2.484	<0.05
C02380	6-Mercaptopurine	2.807	n.s.
C00112	CDP	-3.485	<0.05
C00119	5-Phospho-alpha-D-ribose_1-diphosphate	-3.254	<0.05
C00118	D-Glyceraldehyde_3-phosphate	3.51	<0.05
C06416	Precorrin_5	-2.585	n.s.
C11929	Perillyl-CoA	4.807	<0.05
C01346	dUDP	0.0	n.s.
C11924	Perillic_acid	-1.585	<0.05
C05750	3-Oxooctanoyl-[acp]	-2.248	<0.05
C05751	trans-Oct-2-enoyl-[acp]	-2.0	<0.05
C14145	(3S)-3-Hydroxyadipyl-CoA	2.585	n.s.
C05753	3-Oxodecanoyl-[acp]	-2.248	<0.05
C05754	trans-Dec-2-enoyl-[acp]	-2.0	<0.05
C05755	Decanoyl-[acp]	2.322	<0.05
C05756	3-Oxododecanoyl-[acp]	-2.585	<0.05
C05757	(R)-3-Hydroxydodecanoyl-[acp]	2.322	<0.05
C05758	trans-Dodec-2-enoyl-[acp]	-2.0	<0.05
C05759	3-Oxotetradecanoyl-[acp]	-2.585	<0.05
C05811	2-Octaprenyl-6-hydroxyphenol	-1.585	<0.05
C05810	2-Octaprenylphenol	1.585	<0.05
C00236	3-Phospho-D-glyceroyl_phosphate	0.0	n.s.
C00188	L-Threonine	3.31	<0.05
C00189	Ethanolamine	0.0	n.s.
C00186	(S)-Lactate	0.0	n.s.
C00185	Cellobiose	0.0	<0.05
C00183	L-Valine	3.585	<0.05
C00180	Benzoate	-5.209	<0.05
C00181	D-Xylose	0.0	n.s.
C00159	D-Mannose	3.129	n.s.
C04216	all-trans-Heptaprenyl_diphosphate	-2.0	n.s.
C04051	5-Amino-4-imidazolecarboxyamide	-4.0	<0.05
C00158	Citrate	0.0	n.s.
C04352	(R)-4'-Phosphopantothenoyl-L-cysteine	-0.848	<0.05
C02553	L-Seryl-tRNA(Ser)	-3.7	<0.05
C16348	cis-3-Chloroallyl_aldehyde	-1.138	<0.05
C02946	4-Acetamidobutanoate	-1.585	<0.05
C16586	2-Phenyl-1,3-propanediol_monocarbamate	2.807	n.s.
C05271	trans-Hex-2-enoyl-CoA	0.0	n.s.
C00015	UDP	-3.102	<0.05
C05100	3-Ureidoisobutyrate	0.0	<0.05
C06148	2,5-Diamino-6-(5'-triphosphoryl-3',4'-trihydroxy-2'-oxopentyl)-amino-4-oxopyrimidine	0.0	n.s.
C00151	L-Amino_acid	3.322	<0.05
C05823	3-Mercaptolactate	-2.322	n.s.
C02988	L-Histidyl-tRNA(His)	-3.322	<0.05
C16551	Alcophosphamide	-2.807	n.s.
C06715	3-Oxopimeloyl-CoA	1.0	<0.05
C06714	3-Hydroxypimeloyl-CoA	-4.807	<0.05
C16466	7-Methyl-3-oxo-6-octenoyl-CoA	0.0	<0.05
C16219	3-Oxostearoyl-[acp]	-2.585	<0.05
C09306	Sulfur_dioxide	0.0	<0.05
C00254	Prephenate	-0.316	n.s.
C16237	Protein_N6-(lipoyl)lysine	-3.807	<0.05
C00931	Porphobilinogen	2.585	n.s.
C04327	4-Methyl-5-(2-phosphoethyl)-thiazole	0.0	n.s.
C16238	Lipoyl-AMP	0.0	n.s.
C18239	Precursor_Z	-2.7	n.s.
C00446	alpha-D-Galactose_1-phosphate	2.0	n.s.
C00445	5,10-Methenyltetrahydrofolate	-1.222	n.s.
C01762	Xanthosine	3.129	n.s.
C00441	L-Aspartate_4-semialdehyde	3.531	<0.05
C00440	5-Methyltetrahydrofolate	-0.984	n.s.
C04281	L-1-Pyrroline-3-hydroxy-5-carboxylate	0.0	n.s.
C00526	Deoxyuridine	-2.459	<0.05
C00527	Glutaryl-CoA	-1.0	<0.05
C11453	2-C-Methyl-D-erythritol_2,4-cyclodiphosphate	-1.322	n.s.
C00522	(R)-Pantoate	-1.138	n.s.
C00448	trans,trans-Farnesyl_diphosphate	1.322	n.s.
C04882	UDP-N-acetylmuramoyl-L-alanyl-D-glutamyl-6-carboxy-L-lysyl-D-alanyl-D-alanine	2.0	<0.05
C01024	Hydroxymethylbilane	-2.585	n.s.
C12739	5'-Deoxy-5-fluorouridine	-3.322	<0.05
C00009	Orthophosphate	-2.322	n.s.
C01909	Dethiobiotin	0.0	n.s.
C00068	Thiamin_diphosphate	0.982	n.s.
C04133	N-Acetyl-L-glutamate_5-phosphate	0.0	n.s.
C03838	5'-Phosphoribosylglycinamide	-2.0	<0.05
C00288	HCO3-	3.044	n.s.
C03722	Quinolinate	-2.0	n.s.
C05402	Melibiose	0.0	<0.05
C04619	(3R)-3-Hydroxydecanoyl-[acyl-carrier_protein]	2.0	<0.05
C05404	D-Gal_alpha_1->6D-Gal_alpha_1->6D-Glucose	0.0	<0.05
C03939	Acetyl-[acyl-carrier_protein]	2.147	<0.05
C00054	Adenosine_3',5'-bisphosphate	-3.7	<0.05
C04039	2,3-Dihydroxy-3-methylbutanoate	1.585	n.s.
C00627	Pyridoxine_phosphate	-3.17	<0.05
C00459	dTTP	2.051	<0.05
C01228	Guanosine_3',5'-bis(diphosphate)	0.0	<0.05
C00239	dCMP	0.0	n.s.
C00725	Lipoate	3.807	<0.05
C00231	D-Xylulose_5-phosphate	-2.009	<0.05
C00232	Succinate_semialdehyde	3.17	<0.05
C00233	4-Methyl-2-oxopentanoate	0.0	<0.05
C00234	10-Formyltetrahydrofolate	-4.472	<0.05
C00235	Dimethylallyl_diphosphate	0.848	n.s.
C01613	Stachyose	0.0	<0.05
C00237	CO	-0.505	n.s.
C00010	CoA	3.0	<0.05
C05984	2-Hydroxybutanoic_acid	2.322	n.s.
C00012	Peptide	4.17	<0.05
C00014	Ammonia	-5.226	<0.05
C05980	Cardiolipin	-2.322	n.s.
C00016	FAD	0.0	n.s.
C00018	Pyridoxal_phosphate	-3.17	<0.05
C00019	S-Adenosyl-L-methionine	-3.603	<0.05
C00153	Nicotinamide	-3.248	<0.05
C00152	L-Asparagine	1.716	<0.05
C00155	L-Homocysteine	-0.807	n.s.
C02835	Imidazole-4-acetate	-1.585	<0.05
C05714	alpha-Aminopropiononitrile	5.209	<0.05
C05715	gamma-Amino-gamma-cyanobutanoate	5.209	<0.05
C05711	gamma-Glutamyl-beta-cyanoalanine	-3.322	<0.05
C02713	N-Acetylmuramate	2.322	n.s.
C02336	beta-D-Fructose	1.0	n.s.
C14108	4-Hydroxymethylsalicylaldehyde	-4.807	<0.05
C02331	Vinylacetyl-CoA	0.0	n.s.
C00058	Formate	4.87	<0.05
C06320	Precorrin_6X	0.0	n.s.
C04620	(3R)-3-Hydroxyoctanoyl-[acyl-carrier_protein]	2.0	<0.05
C00655	Xanthosine_5'-phosphate	3.119	<0.05
C00301	ADP-ribose	3.17	<0.05
C00302	DL-Glutamate	-5.209	<0.05
C00718	Amylose	-2.585	<0.05
C02232	3-Oxoadipyl-CoA	-2.585	n.s.
C14089	1-Hydroxymethylnaphthalene	2.807	n.s.
C14107	2-Hydroxy-4-hydroxymethylbenzalpyruvate	4.807	<0.05
C14086	2-Hydroxy-3-methylbenzalpyruvate	4.807	<0.05
C14087	3-Methylsalicylaldehyde	-4.807	<0.05
C17551	2-Polyprenyl-6-hydroxyphenol	-1.585	<0.05
C17556	di-trans,poly-cis-Undecaprenyl_phosphate	1.585	n.s.
C04442	2-Dehydro-3-deoxy-6-phospho-D-gluconate	0.0	n.s.
C01127	4-Hydroxy-2-oxoglutarate	0.0	<0.05
C06188	Salicin_6-phosphate	2.807	<0.05
C05665	3-Aminopropanal	1.585	<0.05
C03058	2-Hydroxyglutaryl-CoA	4.807	<0.05
C06186	Arbutin	1.222	<0.05
C06187	Arbutin_6-phosphate	2.222	<0.05
C18902	Methylselenic_acid	4.755	<0.05
C03294	N-Formylmethionyl-tRNA	-2.585	n.s.
C02051	Lipoylprotein	-4.0	<0.05
C03114	Dimethylbenzimidazole	4.807	<0.05
C06611	trans-3-Chloro-2-propene-1-ol	0.0	n.s.
C06612	cis-3-Chloro-2-propene-1-ol	0.0	n.s.
C06613	trans-3-Chloroallyl_aldehyde	-1.138	<0.05
C06614	trans-3-Chloroacrylic_acid	0.0	n.s.
C06615	cis-3-Chloroacrylic_acid	0.0	n.s.
C06755	Chloroacetic_acid	0.0	n.s.
C06754	Chloroacetaldehyde	0.0	n.s.
C00979	O-Acetyl-L-serine	2.781	n.s.
C00877	Crotonoyl-CoA	-2.038	<0.05
C16273	3-Hydroxy-5-oxohexanoyl-CoA	1.0	n.s.
C16272	3-Hydroxy-5-oxohexanoate	0.0	<0.05
C04246	But-2-enoyl-[acyl-carrier_protein]	-2.0	<0.05
C00409	Methanethiol	0.0	<0.05
C03373	Aminoimidazole_ribotide	-2.585	<0.05
C16074	Phenylacetonitrile	5.209	<0.05
C04778	N1-(5-Phospho-alpha-D-ribosyl)-5,6-dimethylbenzimidazole	-3.624	<0.05
C00407	L-Isoleucine	3.807	<0.05
C01401	Alanine	-5.209	<0.05
C01151	D-Ribose_1,5-bisphosphate	-3.459	<0.05
C06056	4-Hydroxy-L-threonine	0.0	<0.05
C06506	Adenosyl_cobyrinate_a,c_diamide	0.0	n.s.
C06055	O-Phospho-4-hydroxy-L-threonine	0.0	<0.05
C03479	Folinic_acid	2.585	n.s.
C01412	Butanal	2.807	n.s.
C06114	gamma-Glutamyl-beta-aminopropiononitrile	-3.322	<0.05
C06508	Adenosyl_cobinamide	3.585	<0.05
C06509	Adenosyl_cobinamide_phosphate	2.222	<0.05
C09332	Tetrahydrofolyl-[Glu](2)	-2.585	n.s.
C06032	D-erythro-3-Methylmalate	0.0	n.s.
C01157	Hydroxyproline	0.0	n.s.
C02576	Perillyl_aldehyde	1.585	<0.05
C03972	2,3,4,5-Tetrahydrodipicolinate	-2.145	<0.05
C03974	2-Acyl-sn-glycerol_3-phosphate	-1.0	<0.05
C00577	D-Glyceraldehyde	-5.285	<0.05
C01300	2-Amino-4-hydroxy-6-hydroxymethyl-7,8-dihydropteridine	2.907	<0.05
C00279	D-Erythrose_4-phosphate	-4.537	<0.05
C13632	4,4'-Dihydroxy-alpha-methylstilbene	0.0	n.s.
C01304	2,5-Diamino-6-(5-phospho-D-ribosylamino)pyrimidin-4(3H)-one	1.585	n.s.
C01801	Deoxyribose	1.0	<0.05
C00275	D-Mannose_6-phosphate	-2.524	n.s.
C00270	N-Acetylneuraminate	1.0	<0.05
C00900	2-Acetolactate	0.0	n.s.
C00479	Propanal	3.0	n.s.
C00475	Cytidine	1.212	<0.05
C12215	Iminoerythrose_4-phosphate	-5.755	<0.05
C12214	Aminofructose_6-phosphate	5.755	<0.05
C00294	Inosine	2.807	<0.05
C00295	Orotate	0.0	n.s.
C00357	N-Acetyl-D-glucosamine_6-phosphate	-2.392	<0.05
C05698	Selenohomocysteine	1.585	n.s.
C01267	3-(Imidazol-4-yl)-2-oxopropyl_phosphate	-0.617	n.s.
C00353	Geranylgeranyl_diphosphate	-2.322	n.s.
C00352	D-Glucosamine_6-phosphate	-4.421	<0.05
C02909	(2-Naphthyl)methanol	2.807	n.s.
C02166	Leukotriene_C4	3.322	<0.05
C04666	D-erythro-1-(Imidazol-4-yl)glycerol_3-phosphate	0.918	n.s.
C01269	5-O-(1-Carboxyvinyl)-3-phosphoshikimate	0.585	n.s.
C05979	Propane-1-ol	-3.0	n.s.
C05898	Undecaprenyl-diphospho-N-acetylmuramoyl-(N-acetylglucosamine)-L-alanyl-D-glutamyl-meso-2,6-diaminopimeloyl-D-alanyl-D-alanine	-3.0	n.s.
C05893	Undecaprenyl-diphospho-N-acetylmuramoyl-(N-acetylglucosamine)-L-alanyl-gamma-D-glutamyl-L-lysyl-D-alanyl-D-alanine	-3.0	n.s.
C05892	UDP-N-acetylmuramoyl-L-alanyl-gamma-D-glutamyl-L-lysine	2.0	n.s.
C05596	p-Hydroxyphenylacetylglycine	-1.0	<0.05
C01279	4-Amino-5-hydroxymethyl-2-methylpyrimidine	0.0	n.s.
C04046	3-D-Glucosyl-1,2-diacylglycerol	0.0	n.s.
C05382	Sedoheptulose_7-phosphate	-3.892	<0.05
C00120	Biotin	0.0	n.s.
C00121	D-Ribose	1.0	<0.05
C00122	Fumarate	-1.348	<0.05
C00123	L-Leucine	2.585	n.s.
C00129	Isopentenyl_diphosphate	0.807	n.s.
C15532	N-Acetyl-L-citrulline	0.0	<0.05
C00356	(S)-3-Hydroxy-3-methylglutaryl-CoA	0.0	n.s.
C11934	2-Hydroxy-4-isopropenylcyclohexane-1-carboxyl-CoA	-4.807	<0.05
C15973	Enzyme_N6-(dihydrolipoyl)lysine	3.421	<0.05
C03028	Thiamin_triphosphate	-3.807	<0.05
C05749	Hexanoyl-[acp]	2.322	<0.05
C20589	D-Glucosaminate-6-phosphate	-2.322	<0.05
C05747	(R)-3-Hydroxyhexanoyl-[acp]	2.322	<0.05
C05746	3-Oxohexanoyl-[acp]	-2.585	<0.05
C05745	Butyryl-[acp]	2.322	<0.05
C05744	Acetoacetyl-[acp]	-0.807	n.s.
C03150	Nicotinamide-beta-riboside	3.248	<0.05
C04618	(3R)-3-Hydroxybutanoyl-[acyl-carrier_protein]	1.766	<0.05
C02091	(S)-Ureidoglycine	-2.585	n.s.
C00726	Nitrile	5.209	<0.05
C00055	CMP	0.0	n.s.
C03539	S-Ribosyl-L-homocysteine	3.0	<0.05
C00199	D-Ribulose_5-phosphate	2.097	<0.05
C00051	Glutathione	3.322	<0.05
C00052	UDP-alpha-D-galactose	1.441	n.s.
C00194	Cobamide_coenzyme	-2.115	<0.05
C00197	3-Phospho-D-glycerate	2.522	<0.05
C03785	D-Tagatose_1,6-bisphosphate	-1.678	n.s.
C02714	N-Acetylputrescine	-2.0	n.s.
C00192	Hydroxylamine	2.0	n.s.
C00354	D-Fructose_1,6-bisphosphate	-1.222	<0.05
C00011	CO2	6.031	<0.05
C01118	O-Succinyl-L-homoserine	0.0	n.s.
C01050	UDP-N-acetylmuramate	2.619	<0.05
C04574	di-trans,poly-cis-Undecaprenyl_diphosphate	-3.0	<0.05
C05130	Imidazole-4-acetaldehyde	1.585	<0.05
C00206	dADP	3.342	<0.05
C06156	alpha-D-Glucosamine_1-phosphate	0.0	n.s.
C04807	2-Amino-7,8-dihydro-4-hydroxy-6-(diphosphooxymethyl)pteridine	3.322	<0.05
C20423	alpha-D-Ribose_1-methylphosphonate_5-phosphate	0.0	n.s.
C20422	alpha-D-Ribose_1-methylphosphonate_5-triphosphate	0.0	n.s.
C03492	D-4'-Phosphopantothenate	-2.322	<0.05
C02457	Propane-1,3-diol	-3.0	n.s.
C06010	(S)-2-Acetolactate	0.0	n.s.
C00831	Pantetheine	4.0	<0.05
